Year,Bar Height (in pixels),Approximate Value (in billions)
2017,84,3.574468085
2018,116,4.936170213
2019,144,6.127659574
2020,159,6.765957447
2021,199,8.468085106
2022,260,11.063829787
2023,340,14.468085106
